,time,energy,time step
0,22.418333333333337,0.46646666666666664,0.1
